{
  "Blog Home" : {
    "transaction" : "Blog Home",
    "sampleCount" : 10,
    "errorCount" : 0,
    "errorPct" : 0.0,
    "meanResTime" : 828.0999999999999,
    "medianResTime" : 798.0,
    "minResTime" : 613.0,
    "maxResTime" : 1158.0,
    "pct1ResTime" : 1139.0,
    "pct2ResTime" : 1158.0,
    "pct3ResTime" : 1158.0,
    "throughput" : 0.4365287235900122,
    "receivedKBytesPerSec" : 22.304187879234327,
    "sentKBytesPerSec" : 0.05669757835690588
  },
  "Total" : {
    "transaction" : "Total",
    "sampleCount" : 30,
    "errorCount" : 1,
    "errorPct" : 3.3333333,
    "meanResTime" : 811.6666666666664,
    "medianResTime" : 789.0,
    "minResTime" : 509.0,
    "maxResTime" : 1599.0,
    "pct1ResTime" : 1152.2,
    "pct2ResTime" : 1420.2499999999998,
    "pct3ResTime" : 1599.0,
    "throughput" : 1.2301636117603643,
    "receivedKBytesPerSec" : 461.5410089776315,
    "sentKBytesPerSec" : 0.1729917579038012
  },
  "Blog HR jobs page" : {
    "transaction" : "Blog HR jobs page",
    "sampleCount" : 10,
    "errorCount" : 0,
    "errorPct" : 0.0,
    "meanResTime" : 573.0,
    "medianResTime" : 538.5,
    "minResTime" : 509.0,
    "maxResTime" : 768.0,
    "pct1ResTime" : 753.7,
    "pct2ResTime" : 768.0,
    "pct3ResTime" : 768.0,
    "throughput" : 0.4517119884361731,
    "receivedKBytesPerSec" : 39.21160024618303,
    "sentKBytesPerSec" : 0.06484537333995843
  },
  "Blog Testing jobs page" : {
    "transaction" : "Blog Testing jobs page",
    "sampleCount" : 10,
    "errorCount" : 1,
    "errorPct" : 10.0,
    "meanResTime" : 1033.8999999999999,
    "medianResTime" : 952.5,
    "minResTime" : 796.0,
    "maxResTime" : 1599.0,
    "pct1ResTime" : 1566.5,
    "pct2ResTime" : 1599.0,
    "pct3ResTime" : 1599.0,
    "throughput" : 0.43700563737272213,
    "receivedKBytesPerSec" : 431.61254397369225,
    "sentKBytesPerSec" : 0.06486802429751344
  }
}